text,label
Miracle cure that erases pain overnight with before and after proof,1
Secret formula doctors hate click now limited time only,1
Upgrade your home office with ergonomic chairs and fast delivery,0
Earn $5000 a day from home act now and unlock private wealth hacks,1
Exclusive insider trading signals for massive gains join now,1
Exclusive insider trading signals for massive gains join now,1
Miracle cure that erases pain overnight with before and after proof,1
DM for earnings screenshots and guaranteed passive income method,1
Buy wireless headphones with long battery life and simple returns,0
Explore eco friendly cleaning products with refill options,0
Explore eco friendly cleaning products with refill options,0
Secret formula doctors hate click now limited time only,1
Schedule a demo for our productivity software built for growing teams,0
Free money today no credit check instant approval apply now,1
Miracle weight loss pill works in three days no effort needed,1
DM for earnings screenshots and guaranteed passive income method,1
Book your summer getaway with flexible dates and family friendly packages,0
Explore eco friendly cleaning products with refill options,0
Exclusive insider trading signals for massive gains join now,1
Schedule a demo for our productivity software built for growing teams,0
Upgrade your home office with ergonomic chairs and fast delivery,0
Earn $5000 a day from home act now and unlock private wealth hacks,1
Shop our spring collection with free shipping on orders over fifty dollars,0
Secret formula doctors hate click now limited time only,1
Exclusive insider trading signals for massive gains join now,1
Find comfortable running shoes designed for everyday training,0
Book your summer getaway with flexible dates and family friendly packages,0
Explore eco friendly cleaning products with refill options,0
Discover premium skincare with dermatologist tested ingredients and transparent pricing,0
Miracle weight loss pill works in three days no effort needed,1
Instant approval loan with bad credit no questions asked,1
Book your summer getaway with flexible dates and family friendly packages,0
Double your investment this week with zero risk and guaranteed profit,1
Discover premium skincare with dermatologist tested ingredients and transparent pricing,0
Buy wireless headphones with long battery life and simple returns,0
Double your investment this week with zero risk and guaranteed profit,1
Schedule a demo for our productivity software built for growing teams,0
Secret formula doctors hate click now limited time only,1
Upgrade your home office with ergonomic chairs and fast delivery,0
Guaranteed returns in 24 hours with our crypto doubling platform,1
Book your summer getaway with flexible dates and family friendly packages,0
Upgrade your home office with ergonomic chairs and fast delivery,0
Explore eco friendly cleaning products with refill options,0
Secret formula doctors hate click now limited time only,1
Buy wireless headphones with long battery life and simple returns,0
Book your summer getaway with flexible dates and family friendly packages,0
DM for earnings screenshots and guaranteed passive income method,1
Find comfortable running shoes designed for everyday training,0
Book your summer getaway with flexible dates and family friendly packages,0
Explore eco friendly cleaning products with refill options,0
Upgrade your home office with ergonomic chairs and fast delivery,0
DM for earnings screenshots and guaranteed passive income method,1
Schedule a demo for our productivity software built for growing teams,0
Book your summer getaway with flexible dates and family friendly packages,0
Guaranteed returns in 24 hours with our crypto doubling platform,1
Earn $5000 a day from home act now and unlock private wealth hacks,1
Buy wireless headphones with long battery life and simple returns,0
DM for earnings screenshots and guaranteed passive income method,1
Miracle weight loss pill works in three days no effort needed,1
Discover premium skincare with dermatologist tested ingredients and transparent pricing,0
Find comfortable running shoes designed for everyday training,0
Miracle cure that erases pain overnight with before and after proof,1
Schedule a demo for our productivity software built for growing teams,0
Discover premium skincare with dermatologist tested ingredients and transparent pricing,0
Instant approval loan with bad credit no questions asked,1
Try our meal kits with fresh ingredients and easy weekly plans,0
Instant approval loan with bad credit no questions asked,1
DM for earnings screenshots and guaranteed passive income method,1
Miracle cure that erases pain overnight with before and after proof,1
Free money today no credit check instant approval apply now,1
Earn $5000 a day from home act now and unlock private wealth hacks,1
Miracle cure that erases pain overnight with before and after proof,1
Learn coding with project based lessons and monthly subscriptions,0
Free money today no credit check instant approval apply now,1
Explore eco friendly cleaning products with refill options,0
Miracle weight loss pill works in three days no effort needed,1
Upgrade your home office with ergonomic chairs and fast delivery,0
Shop our spring collection with free shipping on orders over fifty dollars,0
Discover premium skincare with dermatologist tested ingredients and transparent pricing,0
Discover premium skincare with dermatologist tested ingredients and transparent pricing,0
Shop our spring collection with free shipping on orders over fifty dollars,0
Miracle weight loss pill works in three days no effort needed,1
Shop our spring collection with free shipping on orders over fifty dollars,0
Find comfortable running shoes designed for everyday training,0
Book your summer getaway with flexible dates and family friendly packages,0
Earn $5000 a day from home act now and unlock private wealth hacks,1
Discover premium skincare with dermatologist tested ingredients and transparent pricing,0
Miracle weight loss pill works in three days no effort needed,1
Learn coding with project based lessons and monthly subscriptions,0
Earn $5000 a day from home act now and unlock private wealth hacks,1
Try our meal kits with fresh ingredients and easy weekly plans,0
Explore eco friendly cleaning products with refill options,0
Guaranteed returns in 24 hours with our crypto doubling platform,1
Double your investment this week with zero risk and guaranteed profit,1
Free money today no credit check instant approval apply now,1
Exclusive insider trading signals for massive gains join now,1
Double your investment this week with zero risk and guaranteed profit,1
Schedule a demo for our productivity software built for growing teams,0
Miracle cure that erases pain overnight with before and after proof,1
Shop our spring collection with free shipping on orders over fifty dollars,0
Shop our spring collection with free shipping on orders over fifty dollars,0
Guaranteed returns in 24 hours with our crypto doubling platform,1
Miracle cure that erases pain overnight with before and after proof,1
Learn coding with project based lessons and monthly subscriptions,0
Find comfortable running shoes designed for everyday training,0
Free money today no credit check instant approval apply now,1
Try our meal kits with fresh ingredients and easy weekly plans,0
Find comfortable running shoes designed for everyday training,0
Double your investment this week with zero risk and guaranteed profit,1
Guaranteed returns in 24 hours with our crypto doubling platform,1
Secret formula doctors hate click now limited time only,1
Miracle weight loss pill works in three days no effort needed,1
DM for earnings screenshots and guaranteed passive income method,1
Miracle cure that erases pain overnight with before and after proof,1
Upgrade your home office with ergonomic chairs and fast delivery,0
Buy wireless headphones with long battery life and simple returns,0
Double your investment this week with zero risk and guaranteed profit,1
Secret formula doctors hate click now limited time only,1
Schedule a demo for our productivity software built for growing teams,0
Buy wireless headphones with long battery life and simple returns,0
Instant approval loan with bad credit no questions asked,1
Double your investment this week with zero risk and guaranteed profit,1
Exclusive insider trading signals for massive gains join now,1
Secret formula doctors hate click now limited time only,1
Try our meal kits with fresh ingredients and easy weekly plans,0
Schedule a demo for our productivity software built for growing teams,0
Learn coding with project based lessons and monthly subscriptions,0
Try our meal kits with fresh ingredients and easy weekly plans,0
Guaranteed returns in 24 hours with our crypto doubling platform,1
Buy wireless headphones with long battery life and simple returns,0
Try our meal kits with fresh ingredients and easy weekly plans,0
Guaranteed returns in 24 hours with our crypto doubling platform,1
Learn coding with project based lessons and monthly subscriptions,0
Discover premium skincare with dermatologist tested ingredients and transparent pricing,0
Learn coding with project based lessons and monthly subscriptions,0
Try our meal kits with fresh ingredients and easy weekly plans,0
Learn coding with project based lessons and monthly subscriptions,0
Instant approval loan with bad credit no questions asked,1
Instant approval loan with bad credit no questions asked,1
Double your investment this week with zero risk and guaranteed profit,1
Learn coding with project based lessons and monthly subscriptions,0
Earn $5000 a day from home act now and unlock private wealth hacks,1
Free money today no credit check instant approval apply now,1
Find comfortable running shoes designed for everyday training,0
Instant approval loan with bad credit no questions asked,1
Guaranteed returns in 24 hours with our crypto doubling platform,1
Exclusive insider trading signals for massive gains join now,1
Shop our spring collection with free shipping on orders over fifty dollars,0
Earn $5000 a day from home act now and unlock private wealth hacks,1
Exclusive insider trading signals for massive gains join now,1
Shop our spring collection with free shipping on orders over fifty dollars,0
Miracle weight loss pill works in three days no effort needed,1
Upgrade your home office with ergonomic chairs and fast delivery,0
Free money today no credit check instant approval apply now,1
Free money today no credit check instant approval apply now,1
Find comfortable running shoes designed for everyday training,0
Buy wireless headphones with long battery life and simple returns,0
Instant approval loan with bad credit no questions asked,1
Try our meal kits with fresh ingredients and easy weekly plans,0
DM for earnings screenshots and guaranteed passive income method,1
